<?xml version="1.0"?>
<ObjectList>
		<Object>
			<Rect x="103" y="70" width="26" height="88"/>
		</Object>
		<Object>
			<Rect x="127" y="81" width="27" height="78"/>
		</Object>
		<Object>
			<Rect x="178" y="75" width="36" height="112"/>
		</Object>
		<Object>
			<Rect x="212" y="88" width="35" height="100"/>
		</Object>
		<Object>
			<Rect x="253" y="104" width="33" height="94"/>
		</Object>
		<Object>
			<Rect x="180" y="161" width="30" height="82"/>
		</Object>
</ObjectList>
